data.date;data.confirmed;data.hosp;data.deaths
05/01/2020;0;0;0
06/01/2020;0;0;0
07/01/2020;0;0;0
08/01/2020;0;0;0
09/01/2020;0;0;0
10/01/2020;0;0;0
11/01/2020;0;0;0
12/01/2020;0;0;0
13/01/2020;0;0;0
14/01/2020;0;0;0
15/01/2020;0;0;0
16/01/2020;0;0;0
17/01/2020;0;0;0
18/01/2020;0;0;0
19/01/2020;0;0;0
20/01/2020;0;0;0
21/01/2020;1;0;0
22/01/2020;1;0;0
23/01/2020;1;0;0
24/01/2020;2;0;0
25/01/2020;3;0;0
26/01/2020;5;0;0
27/01/2020;5;0;0
28/01/2020;5;0;0
29/01/2020;5;0;0
30/01/2020;6;0;0
31/01/2020;7;0;0
01/02/2020;8;0;0
02/02/2020;11;0;0
03/02/2020;11;0;0
04/02/2020;11;0;0
05/02/2020;12;0;0
06/02/2020;12;0;0
07/02/2020;12;0;0
08/02/2020;12;0;0
09/02/2020;12;0;0
10/02/2020;13;0;0
11/02/2020;13;0;0
12/02/2020;14;0;0
13/02/2020;15;0;0
14/02/2020;15;0;0
15/02/2020;15;0;0
16/02/2020;15;0;0
17/02/2020;25;0;0
18/02/2020;25;0;0
19/02/2020;25;0;0
20/02/2020;27;0;0
21/02/2020;30;0;0
22/02/2020;30;0;0
23/02/2020;30;0;0
24/02/2020;43;0;0
25/02/2020;45;0;0
26/02/2020;60;0;0
27/02/2020;60;0;0
28/02/2020;65;0;0
29/02/2020;70;0;1
01/03/2020;88;0;3
02/03/2020;104;0;6
03/03/2020;125;0;10
04/03/2020;161;0;12
05/03/2020;228;0;12
06/03/2020;311;0;15
07/03/2020;428;0;19
08/03/2020;547;0;22
09/03/2020;748;0;26
10/03/2020;1018;0;31
11/03/2020;1263;0;37
12/03/2020;1668;0;43
13/03/2020;2224;0;50
14/03/2020;2898;0;60
15/03/2020;3600;0;68
16/03/2020;4507;0;91
17/03/2020;5906;0;117
18/03/2020;8350;0;162
19/03/2020;12393;0;212
20/03/2020;18012;0;277
21/03/2020;24528;0;360
22/03/2020;33073;0;458
23/03/2020;43505;0;579
24/03/2020;53938;0;785
25/03/2020;68572;0;1054
26/03/2020;85570;0;1353
27/03/2020;102900;0;1770
28/03/2020;123966;0;2300
29/03/2020;142486;0;2718
30/03/2020;163955;0;3368
31/03/2020;188461;0;4304
01/04/2020;215391;0;5325
02/04/2020;245108;0;6541
03/04/2020;277426;0;7932
04/04/2020;312525;0;9488
05/04/2020;338141;0;10856
06/04/2020;369057;0;12382
07/04/2020;399394;0;14616
08/04/2020;431214;0;16701
09/04/2020;465913;0;18821
10/04/2020;499386;0;21084
11/04/2020;531106;0;23168
12/04/2020;558249;0;24849
13/04/2020;584018;0;26613
14/04/2020;610709;0;29318
15/04/2020;640742;0;32070
16/04/2020;672355;0;34418
17/04/2020;703864;0;36707
18/04/2020;732262;0;38659
19/04/2020;757596;0;40179
20/04/2020;784991;0;42016
21/04/2020;810505;0;44688
22/04/2020;839336;0;47059
23/04/2020;873112;0;49228
24/04/2020;909853;0;51360
25/04/2020;944261;0;53326
26/04/2020;970996;0;54580
27/04/2020;994193;0;56022
28/04/2020;1018846;0;58416
29/04/2020;1045401;0;60930
30/04/2020;1075758;0;63140
01/05/2020;1109728;0;64902
02/05/2020;1139202;0;66485
03/05/2020;1165342;0;67816
04/05/2020;1187304;0;68905
05/05/2020;1211011;0;71139
06/05/2020;1235519;0;73847
07/05/2020;1263995;0;75805
08/05/2020;1291643;0;77380
09/05/2020;1316511;0;78834
10/05/2020;1336828;0;79765
11/05/2020;1354449;0;80747
12/05/2020;1376749;0;82400
13/05/2020;1397894;0;84168
14/05/2020;1424856;0;85906
15/05/2020;1451093;0;87499
16/05/2020;1474752;0;88724
17/05/2020;1493766;0;89568
18/05/2020;1515593;0;90414
19/05/2020;1536570;0;91934
20/05/2020;1559640;0;93411
21/05/2020;1585373;0;94722
22/05/2020;1609172;0;96010
23/05/2020;1631440;0;97060
24/05/2020;1651471;0;97680
25/05/2020;1670571;0;98190
26/05/2020;1689467;0;98937
27/05/2020;1708211;0;100422
28/05/2020;1730723;0;101622
29/05/2020;1755271;0;102812
30/05/2020;1778668;0;103775
31/05/2020;1799302;0;104379
01/06/2020;1821199;0;105113
02/06/2020;1841990;0;106195
03/06/2020;1861977;0;107184
04/06/2020;1883593;0;108192
05/06/2020;1912302;0;109304
06/06/2020;1934818;0;110032
07/06/2020;1953434;0;110422
08/06/2020;1971641;0;111144
09/06/2020;1990446;0;112174
10/06/2020;2013298;0;113103
11/06/2020;2036500;0;113980
12/06/2020;2061993;0;114759
13/06/2020;2087327;0;115451
14/06/2020;2106457;0;115768
15/06/2020;2126574;0;116216
16/06/2020;2151459;0;116985
17/06/2020;2177114;0;117746
18/06/2020;2205173;0;118473
19/06/2020;2236009;0;119171
20/06/2020;2268034;0;119717
21/06/2020;2294413;0;119974
22/06/2020;2324879;0;120334
23/06/2020;2359939;0;121167
24/06/2020;2396928;0;121934
25/06/2020;2438101;0;124400
26/06/2020;2483629;0;125033
27/06/2020;2525928;0;125544
28/06/2020;2565436;0;125815
29/06/2020;2604932;0;126162
30/06/2020;2653321;0;127462
01/07/2020;2703296;0;128104
02/07/2020;2758855;0;128827
03/07/2020;2816009;0;129418
04/07/2020;2866015;0;129679
05/07/2020;2910782;0;129941
06/07/2020;2958098;0;130332
07/07/2020;3012182;0;131290
08/07/2020;3071637;0;132238
09/07/2020;3131526;0;133079
10/07/2020;3199753;0;133907
11/07/2020;3260474;0;134582
12/07/2020;3318279;0;134977
13/07/2020;3379846;0;135402
14/07/2020;3445448;0;136356
15/07/2020;3513790;33760;137327
16/07/2020;3589477;38539;138285
17/07/2020;3660400;40062;139186
18/07/2020;3722851;40376;139961
19/07/2020;3785126;37897;140373
20/07/2020;3845014;41140;140904
21/07/2020;3910291;42195;142031
22/07/2020;3980030;46107;143167
23/07/2020;4050036;47834;144283
24/07/2020;4123561;46748;145429
25/07/2020;4190337;51831;146313
26/07/2020;4244554;43096;146753
27/07/2020;4303735;47165;148449
28/07/2020;4366851;48115;149776
29/07/2020;4433633;45617;151172
30/07/2020;4502581;46832;152433
31/07/2020;4571669;46150;153862
01/08/2020;4628497;50419;154917
02/08/2020;4679291;50238;155337
03/08/2020;4726775;45291;155945
04/08/2020;4780324;45134;157301
05/08/2020;4834047;44663;158554
06/08/2020;4891561;43891;159625
07/08/2020;4952718;43210;160981
08/08/2020;5007958;41593;161947
09/08/2020;5056438;41484;162486
10/08/2020;5103611;42072;163023
11/08/2020;5156968;41645;164474
12/08/2020;5211246;41817;165952
13/08/2020;5265307;41240;167165
14/08/2020;5324784;39980;168341
15/08/2020;5375527;38699;169400
16/08/2020;5417664;38850;169915
17/08/2020;5455187;39032;170449
18/08/2020;5498420;38897;171798
19/08/2020;5541433;38002;173093
20/08/2020;5587475;37321;174136
21/08/2020;5636491;35972;175297
22/08/2020;5681517;34888;176247
23/08/2020;5713850;34609;176693
24/08/2020;5754254;34791;177197
25/08/2020;5793385;34479;178410
26/08/2020;5838532;33624;179603
27/08/2020;5884368;33285;180729
28/08/2020;5930932;31898;181739
29/08/2020;5975541;31178;182610
30/08/2020;6008970;31075;182984
31/08/2020;6045457;31395;183472
01/09/2020;6089506;31118;184563
02/09/2020;6121950;30827;185639
03/09/2020;6168347;30296;186717
04/09/2020;6220448;29879;187697
05/09/2020;6262701;28845;188409
06/09/2020;6292699;28369;188820
07/09/2020;6317865;28589;189083
08/09/2020;6346807;28951;189541
09/09/2020;6380139;28775;190716
10/09/2020;6418200;28065;191631
11/09/2020;6465767;27368;192858
12/09/2020;6504871;26512;193559
13/09/2020;6538214;26329;193958
14/09/2020;6575101;26788;194408
15/09/2020;6614318;26935;195689
16/09/2020;6653586;26372;196686
17/09/2020;6698896;26085;197535
18/09/2020;6747783;25833;198484
19/09/2020;6789594;25480;199154
20/09/2020;6825950;25543;199367
21/09/2020;6880902;26379;199797
22/09/2020;6918293;26440;200738
23/09/2020;6959842;26484;201828
24/09/2020;7005046;26407;202713
25/09/2020;7059627;26275;203566
26/09/2020;7102322;25904;204335
27/09/2020;7139620;25970;204602
28/09/2020;7176980;27021;204952
29/09/2020;7220677;27505;205878
30/09/2020;7262735;27669;206852
01/10/2020;7309153;27478;207699
02/10/2020;7362733;27407;208564
03/10/2020;7410512;27271;209273
04/10/2020;7445575;27871;209606
05/10/2020;7507988;28956;210035
06/10/2020;7550850;29999;210756
07/10/2020;7603867;30543;211752
08/10/2020;7660249;31015;212680
09/10/2020;7719211;31207;213595
10/10/2020;7770859;30981;214187
11/10/2020;7815642;31435;214606
12/10/2020;7863658;32780;214957
13/10/2020;7918051;33508;215783
14/10/2020;7977904;33936;216792
15/10/2020;8043257;34388;217585
16/10/2020;8113721;34641;218476
17/10/2020;8166482;34322;219154
18/10/2020;8214364;35016;219541
19/10/2020;8279804;36432;220058
20/10/2020;8340398;37414;220987
21/10/2020;8404635;38105;222195
22/10/2020;8479765;38849;223023
23/10/2020;8565062;39080;223953
24/10/2020;8643641;39341;224825
25/10/2020;8703356;39986;225164
26/10/2020;8777994;41336;225701
27/10/2020;8852381;42272;226684
28/10/2020;8934263;43487;227702
29/10/2020;9024932;44166;228706
30/10/2020;9124800;45075;229674
31/10/2020;9209007;45049;230512
01/11/2020;9283202;46054;230940
02/11/2020;9377208;47938;231480
03/11/2020;9469624;49028;232610
04/11/2020;9577702;50468;234226
05/11/2020;9699051;51790;235334
06/11/2020;9831874;52843;236582
07/11/2020;9957805;53822;237589
08/11/2020;10061128;55716;238053
09/11/2020;10191572;58475;238798
10/11/2020;10331256;61421;240262
11/11/2020;10474295;63328;241693
12/11/2020;10637946;65219;242865
13/11/2020;10819442;66128;244255
14/11/2020;10978475;67220;245465
15/11/2020;11113661;69518;246088
16/11/2020;11280224;73100;246884
17/11/2020;11441855;75499;248491
18/11/2020;11614135;77320;250415
19/11/2020;11801643;78344;252376
20/11/2020;12000502;79739;254333
21/11/2020;12172435;79864;255758
22/11/2020;12313229;81798;256601
23/11/2020;12492852;84179;257639
24/11/2020;12670710;86042;259848
25/11/2020;12851300;87127;262161
26/11/2020;12954294;86555;263339
27/11/2020;13160133;88105;264751
28/11/2020;13311541;89606;265943
29/11/2020;13447663;92453;266761
30/11/2020;13615321;95096;268031
01/12/2020;13799549;96674;270639
02/12/2020;14000721;97842;273525
03/12/2020;14218459;97853;276381
04/12/2020;14449827;98143;279018
05/12/2020;14655535;97247;281208
06/12/2020;14827456;98654;282319
07/12/2020;15031979;101028;283853
08/12/2020;15251693;102304;286674
09/12/2020;15471409;104371;289830
10/12/2020;15697131;105048;292771
11/12/2020;15977147;105653;295726
12/12/2020;16184679;105358;297981
13/12/2020;16368898;107402;299338
14/12/2020;16569783;109689;301016
15/12/2020;16772936;110996;304041
16/12/2020;17017763;111997;307652
17/12/2020;17255472;112445;310950
18/12/2020;17506662;112114;313820
19/12/2020;17700567;111037;316381
20/12/2020;17880478;112401;317810
21/12/2020;18081996;114649;319773
22/12/2020;18283633;117528;323012
23/12/2020;18511396;118106;326424
24/12/2020;18704907;116274;329248
25/12/2020;18805838;113496;330377
26/12/2020;19022699;115521;332023
27/12/2020;19174788;118988;333253
28/12/2020;19363798;121425;335152
29/12/2020;19564828;122665;338780
30/12/2020;19793777;123922;342588
31/12/2020;20024801;123347;346050
01/01/2021;20172049;121053;347970
02/01/2021;20463659;122668;350343
03/01/2021;20665439;125595;351694
04/01/2021;20917269;127427;353743
05/01/2021;21152285;128859;357432
06/01/2021;21408251;129800;361396
07/01/2021;21688585;128814;365509
08/01/2021;21989362;127888;369404
09/01/2021;22241281;126420;372663
10/01/2021;22449576;126533;374440
11/01/2021;22675892;127641;376488
12/01/2021;22905869;127090;380894
13/01/2021;23135194;126556;384824
14/01/2021;23374716;133263;388804
15/01/2021;23614569;123785;392553
16/01/2021;23816762;121134;395894
17/01/2021;23986856;120830;397624
18/01/2021;24127989;120422;399065
19/01/2021;24314933;119384;401836
20/01/2021;24500421;117115;406216
21/01/2021;24690903;114097;410351
22/01/2021;24882468;111831;414082
23/01/2021;25050385;108122;417404
24/01/2021;25180061;107004;419219
25/01/2021;25336637;106268;421126
26/01/2021;25487275;104627;425224
27/01/2021;25643045;102636;429326
28/01/2021;25809220;100050;433194
29/01/2021;25973835;96109;436794
30/01/2021;26107635;92546;439435
31/01/2021;26221675;91436;441299
01/02/2021;26363284;90582;443249
02/02/2021;26478540;89004;446860
03/02/2021;26598723;87279;450703
04/02/2021;26724359;84602;455820
05/02/2021;26853860;82137;459390
06/02/2021;26958807;79111;462052
07/02/2021;27046088;77864;463353
08/02/2021;27139070;76870;464936
09/02/2021;27235460;75626;468106
10/02/2021;27330435;72845;471360
11/02/2021;27436075;70107;475238
12/02/2021;27535702;67536;480701
13/02/2021;27620354;64759;484073
14/02/2021;27684134;63297;485154
15/02/2021;27739406;62214;486148
16/02/2021;27803946;61504;487855
17/02/2021;27874107;62245;490326
18/02/2021;27945898;58308;492951
19/02/2021;28023910;56738;495572
20/02/2021;28093630;54401;497403
21/02/2021;28148810;53614;498650
22/02/2021;28208276;53026;500104
23/02/2021;28280189;51984;502432
24/02/2021;28354383;50956;505642
25/02/2021;28432265;49045;508107
26/02/2021;28510582;47227;510283
27/02/2021;28573256;45334;511850
28/02/2021;28624161;44872;512979
01/03/2021;28680857;43721;514404
02/03/2021;28738501;42650;515710
03/03/2021;28805113;42153;518079
04/03/2021;28872395;40175;520028
05/03/2021;28938090;39581;522511
06/03/2021;28994675;38206;523970
07/03/2021;29034739;37769;524646
08/03/2021;29129252;37687;525466
09/03/2021;29185151;37040;527351
10/03/2021;29243346;36661;528825
11/03/2021;29305733;35914;530349
12/03/2021;29369899;35647;532054
13/03/2021;29419456;34983;533928
14/03/2021;29457445;34412;534497
15/03/2021;29514609;34701;535250
16/03/2021;29569140;34577;536494
17/03/2021;29628071;34595;537671
18/03/2021;29688541;34104;539229
19/03/2021;29749164;34035;540743
20/03/2021;29803589;33214;541515
21/03/2021;29837782;33283;541963
22/03/2021;29892498;33742;542611
23/03/2021;29949244;33996;543504
24/03/2021;30029147;34367;545094
25/03/2021;30098263;34362;546364
26/03/2021;30172762;34634;547624
27/03/2021;30233462;33946;548404
28/03/2021;30277977;34464;548894
29/03/2021;30348716;35027;549579
30/03/2021;30410950;35418;550526
31/03/2021;30478886;35567;551661
01/04/2021;30556079;35571;552618
02/04/2021;30624668;35607;553574
03/04/2021;30688804;35195;554327
04/04/2021;30725627;35675;554599
05/04/2021;30802221;36624;555129
06/04/2021;30864193;37551;556038
07/04/2021;30937283;37748;558609
08/04/2021;31017741;37953;559611
09/04/2021;31099323;37856;560557
10/04/2021;31164081;37546;561261
11/04/2021;31212058;38089;561562
12/04/2021;31283990;38927;562027
13/04/2021;31361311;39201;563010
14/04/2021;31437061;39469;563945
15/04/2021;31510755;39188;564862
16/04/2021;31589109;39406;565797
17/04/2021;31642983;39012;566474
18/04/2021;31684382;39460;566832
19/04/2021;31754642;40212;567317
20/04/2021;31815666;40206;568149
21/04/2021;31878161;40046;568989
22/04/2021;31944402;39201;569900
23/04/2021;32008186;38562;570773
24/04/2021;32058654;37357;571498
25/04/2021;32092245;37133;571780
26/04/2021;32139580;37540;572259
27/04/2021;32191457;37207;572972
28/04/2021;32246275;36881;573906
29/04/2021;32303857;35989;574780
30/04/2021;32362374;35364;575640
01/05/2021;32407133;34005;576355
02/05/2021;32436765;33764;576667
03/05/2021;32486709;33964;577126
04/05/2021;32527664;33755;578030
05/05/2021;32572383;33339;578806
06/05/2021;32620077;32505;579638
07/05/2021;32667570;31832;580450
08/05/2021;32701236;30635;581054
09/05/2021;32723564;30154;581300
10/05/2021;32760121;29987;581670
11/05/2021;32794162;29482;582363
12/05/2021;32829645;29113;583211
13/05/2021;32868084;28174;583991
14/05/2021;32909065;27422;584723
15/05/2021;32938115;26184;585282
16/05/2021;32954825;25646;585574
17/05/2021;32984032;25563;585958
18/05/2021;33011895;25023;586825
19/05/2021;33040689;24925;587500
20/05/2021;33070307;23954;588154
21/05/2021;33107107;23397;588850
22/05/2021;33117634;22643;589329
23/05/2021;33131784;22445;589518
24/05/2021;33157412;22431;589935
25/05/2021;33180250;22087;590635
26/05/2021;33203636;21598;591601
27/05/2021;33231383;21056;592942
28/05/2021;33253407;20398;593701
29/05/2021;33264967;19474;594040
30/05/2021;33272409;19062;594171
31/05/2021;33277912;18678;594321
01/06/2021;33300482;18657;594841
02/06/2021;33317340;18083;595435
03/06/2021;33336811;17634;596051
04/06/2021;33312812;16970;596190
05/06/2021;33323260;16298;596565
06/06/2021;33329413;15987;596817
07/06/2021;33348865;15742;597153
08/06/2021;33363050;15630;597528
09/06/2021;33383714;15262;598100
10/06/2021;33399513;14838;598560
11/06/2021;33416340;14421;599077
12/06/2021;33424619;13940;599247
13/06/2021;33431406;13957;599342
14/06/2021;33446525;13929;599552
15/06/2021;33458397;13722;600004
16/06/2021;33472808;13494;600428
17/06/2021;33484995;13094;600716
18/06/2021;33497695;12855;601185
19/06/2021;33505275;12482;601354
20/06/2021;33509338;12502;601444
21/06/2021;33525182;12592;601732
22/06/2021;33537943;12538;602164
23/06/2021;33551974;12608;602562
24/06/2021;33566669;12396;602917
25/06/2021;33581632;12408;603375
26/06/2021;33588423;12238;603501
27/06/2021;33592510;12233;603597
28/06/2021;33608058;12510;603758
29/06/2021;33623787;12662;604137
30/06/2021;33639764;12877;604460
01/07/2021;33704723;12863;604707
02/07/2021;33725159;13234;604973
03/07/2021;33729152;12916;605059
04/07/2021;33732074;13121;605096
05/07/2021;33736665;13433;605137
06/07/2021;33763742;13974;605454
07/07/2021;33793961;14664;605776
08/07/2021;33843194;15074;606142
09/07/2021;33878529;15409;606549
10/07/2021;33886287;15710;606637
11/07/2021;33891830;16396;606667
12/07/2021;33927213;17330;606940
13/07/2021;33970195;18204;607372
14/07/2021;34008250;19085;607765
15/07/2021;34044268;19915;608103
16/07/2021;34096492;20874;608460
17/07/2021;34108937;21595;608543
18/07/2021;34117964;22564;608580
19/07/2021;34177146;24261;608811
20/07/2021;34239257;25700;609111
21/07/2021;34299310;27055;609508
22/07/2021;34364829;28605;609870
23/07/2021;34447610;30295;610313
24/07/2021;34469200;31469;610414
25/07/2021;34483033;33406;610463
26/07/2021;34576119;35748;610722
27/07/2021;34682937;38296;611206
28/07/2021;34767898;40473;611711
29/07/2021;34866192;42200;612104
30/07/2021;34988866;44541;612775
31/07/2021;35018564;46428;612919
01/08/2021;35041458;48538;612982
02/08/2021;35177628;51780;613440
03/08/2021;35327939;54470;614109
04/08/2021;35440283;56945;614834
05/08/2021;35567255;59587;615408
06/08/2021;35735606;62122;616257
07/08/2021;35777721;63544;616463
08/08/2021;35813789;66369;616594
09/08/2021;35992480;69838;617314
10/08/2021;36154571;72521;618363
11/08/2021;36310148;74823;618701
12/08/2021;36448857;76968;619723
13/08/2021;36636249;78580;620809
14/08/2021;36686066;79622;621051
15/08/2021;36729884;81624;621228
16/08/2021;36989377;84313;622244
17/08/2021;37133674;86744;623237
18/08/2021;37298543;88626;624365
19/08/2021;37458349;89428;626099
20/08/2021;37657643;90191;627631
21/08/2021;37737034;90417;628100
22/08/2021;37777607;92239;628285
23/08/2021;38043754;94682;629644
24/08/2021;38193951;95992;631057
25/08/2021;38364887;95976;632522
26/08/2021;38552648;96370;634735
27/08/2021;38748559;96192;636509
28/08/2021;38833818;95071;637076
29/08/2021;38875976;96125;637356
30/08/2021;39156379;97200;639081
31/08/2021;39316629;97821;640519
01/09/2021;39527624;97992;642454
02/09/2021;39703320;97811;645391
03/09/2021;39894795;96835;647370
04/09/2021;39960849;95082;647896
05/09/2021;40005266;95280;648273
06/09/2021;40082242;95910;648788
07/09/2021;40383380;96810;651014
08/09/2021;40567569;96485;653216
09/09/2021;40738140;95684;656448
10/09/2021;40914456;94559;658865
11/09/2021;40988382;91979;659556
12/09/2021;41027940;91541;659854
13/09/2021;41312998;92158;661579
14/09/2021;41465694;90633;664235
15/09/2021;41635889;89538;666816
16/09/2021;41790772;88250;670234
17/09/2021;41957710;86780;672813
18/09/2021;42025890;84475;673637
19/09/2021;42065846;83494;673939
20/09/2021;42274012;83675;676191
21/09/2021;42403987;82358;678556
22/09/2021;42551480;80843;681343
23/09/2021;42679344;79242;684498
24/09/2021;42819355;77387;687247
25/09/2021;42870947;74807;687876
26/09/2021;42905182;74161;688178
27/09/2021;43099971;73886;690559
28/09/2021;43213311;72525;692878
29/09/2021;43341823;70704;695393
30/09/2021;43458032;68918;698136
01/10/2021;43583808;67124;700583
02/10/2021;43628030;64834;701231
03/10/2021;43653869;64381;701480
04/10/2021;43826568;64487;703515
05/10/2021;43925170;63508;705543
06/10/2021;44051125;62376;708073
07/10/2021;44156527;61095;710522
08/10/2021;44269453;59461;712967
09/10/2021;44306787;57940;713480
10/10/2021;44329826;57496;713961
11/10/2021;44453506;57618;715123
12/10/2021;44565082;56985;717648
13/10/2021;44671639;55885;719887
14/10/2021;44760608;54564;721929
15/10/2021;44859168;53358;724104
16/10/2021;44892709;51837;724491
17/10/2021;44914861;51504;724673
18/10/2021;45036894;51723;726545
19/10/2021;45120577;50595;728682
20/10/2021;45207199;49311;731688
21/10/2021;45289145;48405;733564
22/10/2021;45376442;47454;735699
23/10/2021;45406266;46398;736148
24/10/2021;45423368;46114;736296
25/10/2021;45528929;46380;737709
26/10/2021;45616352;45821;739445
27/10/2021;45710896;45003;741460
28/10/2021;45797081;44195;743242
29/10/2021;45885804;43513;745262
30/10/2021;45915215;42766;745586
31/10/2021;45934098;42513;745743
01/11/2021;46058668;42623;746894
02/11/2021;46135611;42291;748410
03/11/2021;46220455;41982;750290
04/11/2021;46303542;41357;751413
05/11/2021;46395310;40945;753734
06/11/2021;46427249;40176;754136
07/11/2021;46449334;40472;754268
08/11/2021;46575795;41349;755489
09/11/2021;46659446;41731;757205
10/11/2021;46757836;41806;758841
11/11/2021;46822437;41718;759563
12/11/2021;46951788;41633;761624
13/11/2021;47013185;41372;762092
14/11/2021;47036794;41872;762234
15/11/2021;47185418;43286;763425
16/11/2021;47275904;44010;764871
17/11/2021;47390261;44366;766489
18/11/2021;47500534;45095;769820
19/11/2021;47620182;45157;771811
20/11/2021;47661246;44825;772136
21/11/2021;47692618;45373;772259
22/11/2021;47851516;46834;773402
23/11/2021;47944287;47703;774880
24/11/2021;48064179;47901;776516
25/11/2021;48095032;47297;776893
26/11/2021;48146557;48189;777437
27/11/2021;48171236;49069;777629
28/11/2021;48195186;50165;777750
29/11/2021;48411498;51813;779624
30/11/2021;48520792;52644;781183
01/12/2021;48660112;53311;783149
02/12/2021;48798824;53587;784506
03/12/2021;48952069;54392;786667
04/12/2021;49010213;54572;787157
05/12/2021;49044786;55670;787318
06/12/2021;49242230;57447;788660
07/12/2021;49356227;58938;790434
08/12/2021;49505272;59721;792313
09/12/2021;49628777;60371;793608
10/12/2021;49793839;61162;795711
11/12/2021;49845184;60921;796127
12/12/2021;49881540;61722;796322
13/12/2021;50084423;63084;797611
14/12/2021;50201282;63244;799345
15/12/2021;50346558;63226;801438
16/12/2021;50492877;63105;802601
17/12/2021;50664022;63090;804697
18/12/2021;50738685;62004;805171
19/12/2021;50811164;62545;805334
20/12/2021;51114064;63764;806753
21/12/2021;51303535;64086;808841
22/12/2021;51547227;65043;810927
23/12/2021;51812442;65661;814211
24/12/2021;51996367;65821;815213
25/12/2021;52054715;66446;815312
26/12/2021;52244429;69732;815391
27/12/2021;52787969;74692;817134
28/12/2021;53168681;79671;819630
29/12/2021;53657745;85506;821731
30/12/2021;54242800;89961;823141
31/12/2021;54689367;93776;824336
01/01/2022;54850427;96539;824609
02/01/2022;55137064;102671;824841
03/01/2022;56155999;108761;826491
04/01/2022;57041905;114846;828853
05/01/2022;57745969;121444;830981
06/01/2022;58505187;126976;832953
07/01/2022;59405357;131874;835637
08/01/2022;59851597;133576;836327
09/01/2022;60166932;137251;836728
10/01/2022;61600909;142248;838412
11/01/2022;62370837;145834;841092
12/01/2022;63251819;149670;843853
13/01/2022;64120526;151006;846110
14/01/2022;65053852;152033;849101
15/01/2022;65477079;149478;850099
16/01/2022;65814886;149973;850509
17/01/2022;66526937;150873;851283
18/01/2022;67705340;153220;854268
19/01/2022;68557295;154497;857644
20/01/2022;69305615;152923;860316
21/01/2022;70130930;150229;864182
22/01/2022;70468314;145668;865116
23/01/2022;70667795;144757;865687
24/01/2022;71699954;144760;867866
25/01/2022;72210867;143297;870838
26/01/2022;72895313;141674;874733
27/01/2022;73425577;137503;877824
28/01/2022;73981352;133318;881703
29/01/2022;74223465;127041;883009
30/01/2022;74327523;125816;883370
31/01/2022;74989495;124054;885943
01/02/2022;75285900;120533;889525
02/02/2022;75610929;117164;893156
03/02/2022;75923171;112652;896178
04/02/2022;76236151;107664;900154
05/02/2022;76359918;101670;901022
06/02/2022;76418395;99064;901400
07/02/2022;76766514;97280;904139
08/02/2022;76961010;93609;907497
09/02/2022;77187359;90113;911067
10/02/2022;77360952;86034;914328
11/02/2022;77530775;81494;917135
12/02/2022;77594737;76807;917896
13/02/2022;77629125;74334;918368
14/02/2022;77835449;72085;920954
15/02/2022;77950961;68705;923804
16/02/2022;78092141;65247;927110
17/02/2022;78196006;61859;930297
18/02/2022;78305615;58681;932788
19/02/2022;78351826;54814;933480
20/02/2022;78377993;52974;933894
21/02/2022;78433652;51305;934654
22/02/2022;78556769;49428;937380
23/02/2022;78641313;47038;940404
24/02/2022;78714719;44380;943312
25/02/2022;78800705;42035;946121
26/02/2022;78825927;39278;946686
27/02/2022;78835013;37964;946883
28/02/2022;78942813;36982;948855
01/03/2022;78986396;35342;950788
02/03/2022;79044542;33770;953136
03/03/2022;79096279;31996;955018
04/03/2022;79145866;29869;956910
05/03/2022;79162481;27801;957217
06/03/2022;79169256;27011;957429
07/03/2022;79232308;26401;959115
08/03/2022;79266324;25188;960690
09/03/2022;79314028;24175;962503
10/03/2022;79352221;22841;964062
11/03/2022;79396596;21501;965746
12/03/2022;79407518;20232;966218
13/03/2022;79413908;19546;966361
14/03/2022;79462956;19020;963926
15/03/2022;79511352;18519;965449
16/03/2022;79550748;17945;967482
17/03/2022;79586734;17394;968690
18/03/2022;79623203;16540;969733
19/03/2022;79635322;15659;970065
20/03/2022;79643175;15341;970148
21/03/2022;79689310;15071;971107
22/03/2022;79714979;14553;972104
23/03/2022;79762066;14170;973459
24/03/2022;79799812;13623;974441
25/03/2022;79833549;13100;975273
26/03/2022;79845604;12574;975436
27/03/2022;79853102;12203;975486
28/03/2022;79895338;12094;976396
29/03/2022;79920966;11810;977153
30/03/2022;79966408;11545;978361
31/03/2022;80004185;11294;979236
01/04/2022;80036620;10900;979881
02/04/2022;80048015;10526;980018
03/04/2022;80052942;10380;980057
04/04/2022;80093982;10515;980682
05/04/2022;80124875;10479;981146
06/04/2022;80174198;10418;982263
07/04/2022;80209904;10402;982971
08/04/2022;80254009;10218;983514
09/04/2022;80267530;9875;983786
10/04/2022;80275715;9866;983813
11/04/2022;80325700;10090;984247
12/04/2022;80354734;10112;984838
13/04/2022;80408643;10163;985832
14/04/2022;80466106;10199;986448
15/04/2022;80513724;10298;987171
16/04/2022;80524627;9958;987211
17/04/2022;80535906;10152;987228
18/04/2022;80595982;10413;987545
19/04/2022;80646004;10676;987999
20/04/2022;80708901;10919;988610
21/04/2022;80768167;11101;989094
22/04/2022;80836264;11205;989584
23/04/2022;80855181;11236;989681
24/04/2022;80867572;11460;989709
25/04/2022;80942184;11920;990062
26/04/2022;80996837;12352;990368
27/04/2022;81081307;12756;991039
28/04/2022;81154876;12926;991502
29/04/2022;81236707;13009;991921
30/04/2022;81259033;12851;992010
01/05/2022;81274401;13150;992033
02/05/2022;81370245;13807;992424
03/05/2022;81439579;14229;993088
04/05/2022;81541535;14555;995021
05/05/2022;81634962;14869;995715
06/05/2022;81730174;14941;996168
07/05/2022;81760532;15051;996264
08/05/2022;81772325;15307;996283
09/05/2022;81884978;15618;996612
10/05/2022;81978601;16288;996916
11/05/2022;82140136;16772;997481
12/05/2022;82255493;17349;997853
13/05/2022;82369958;17840;998279
14/05/2022;82395023;17906;998325
15/05/2022;82414462;18359;998352
16/05/2022;82564280;19377;998673
17/05/2022;82698373;20075;999027
18/05/2022;82867288;20473;999607
19/05/2022;82988450;20650;1000013
20/05/2022;83128466;20903;1000411
21/05/2022;83165773;20623;1000526
22/05/2022;83187760;21051;1000577
23/05/2022;83320644;21887;1000826
24/05/2022;83453009;22040;1001375
25/05/2022;83640103;22188;1002179
26/05/2022;83764744;22392;1002522
27/05/2022;83903655;22493;1003124
28/05/2022;83917417;22059;1003159
29/05/2022;83926462;22352;1003167
30/05/2022;83958614;22820;1003189
31/05/2022;84140997;23974;1003571
01/06/2022;84360023;24718;1004163
02/06/2022;84471393;24902;1004534
03/06/2022;84613605;24723;1004941
04/06/2022;84657255;24076;1005134
05/06/2022;84673734;24305;1005152
06/06/2022;84810837;24716;1005473
07/06/2022;84953650;24981;1005943
08/06/2022;85132456;25421;1006988
09/06/2022;85250167;25600;1007331
10/06/2022;85386208;25365;1007702
11/06/2022;85421581;24983;1007826
12/06/2022;85439974;25159;1007845
13/06/2022;85565377;25689;1008116
14/06/2022;85700792;26042;1008554
15/06/2022;85872596;26413;1009208
16/06/2022;85976793;26235;1009543
17/06/2022;86093350;26221;1009847
18/06/2022;86108115;25557;1009871
19/06/2022;86122722;25736;1009893
20/06/2022;86176918;26414;1009982
21/06/2022;86386656;26719;1010552
22/06/2022;86557097;27312;1011326
23/06/2022;86673590;27712;1011825
24/06/2022;86829149;27794;1012317
25/06/2022;86876818;27675;1012480
26/06/2022;86895056;28123;1012486
27/06/2022;87027295;29133;1012765
28/06/2022;87149583;29548;1013306
29/06/2022;87345359;29938;1013999
30/06/2022;87469077;30017;1014452
01/07/2022;87621338;30087;1014974
02/07/2022;87633658;29807;1014995
03/07/2022;87640519;30088;1014998
04/07/2022;87676181;30720;1015062
05/07/2022;87857067;32096;1015488
06/07/2022;88097358;33435;1016205
07/07/2022;88221970;33925;1016680
08/07/2022;88390029;34217;1017242
09/07/2022;88413615;33571;1017278
10/07/2022;88436184;34039;1017286
11/07/2022;88611513;35321;1017837
12/07/2022;88795782;36028;1018359
13/07/2022;88986908;36788;1019239
14/07/2022;89131091;37170;1019697
15/07/2022;89300973;36997;1020230
16/07/2022;89322015;36300;1020272
17/07/2022;89343986;36791;1020283
18/07/2022;89514434;38047;1020803
19/07/2022;89675305;38840;1021350
20/07/2022;89879921;39366;1022142
21/07/2022;90033432;39394;1022693
22/07/2022;90199121;39177;1023273
23/07/2022;90223372;38487;1023329
24/07/2022;90244872;38668;1023343
25/07/2022;90412575;39693;1023855
26/07/2022;90576810;39965;1024374
27/07/2022;90803295;40250;1025198
28/07/2022;90952402;40131;1025682
29/07/2022;91091698;39540;1026300
30/07/2022;91103665;38395;1026322
31/07/2022;91114530;38690;1026331
01/08/2022;91291256;39446;1026937
02/08/2022;91399466;39536;1027382
03/08/2022;91616745;39865;1028439
04/08/2022;91781476;39226;1029112
05/08/2022;91913390;38974;1029769
06/08/2022;91924176;37959;1029797
07/08/2022;91934257;38038;1029808
08/08/2022;92079701;38319;1030371
09/08/2022;92208348;38477;1030933
10/08/2022;92383180;38269;1031805
11/08/2022;92520198;37896;1032506
12/08/2022;92641966;37286;1033177
13/08/2022;92648820;35823;1033195
14/08/2022;92659524;36056;1033207
15/08/2022;92788886;36801;1033762
16/08/2022;92909503;36506;1034234
17/08/2022;93069322;36275;1035194
18/08/2022;93195688;35573;1035802
19/08/2022;93304179;34961;1036333
20/08/2022;93312106;33887;1036360
21/08/2022;93320628;34097;1036368
22/08/2022;93441270;34720;1036961
23/08/2022;93546473;34472;1037466
24/08/2022;93720590;34085;1038392
25/08/2022;93831767;33568;1039036
26/08/2022;93934199;33132;1039673
27/08/2022;93943022;32073;1039703
28/08/2022;93951561;32133;1039706
29/08/2022;94063866;32571;1040297
30/08/2022;94180902;32463;1040764
31/08/2022;94335008;32441;1042167
01/09/2022;94443668;31491;1042880
02/09/2022;94532021;30932;1043382
03/09/2022;94539458;29864;1043401
04/09/2022;94545281;29694;1043402
05/09/2022;94563745;30329;1043455
06/09/2022;94689639;31065;1044083
07/09/2022;94833490;30928;1044912
08/09/2022;94921915;30445;1045586
09/09/2022;94995800;29873;1046119
10/09/2022;94999027;27877;1046145
11/09/2022;95010491;27990;1046164
12/09/2022;95098004;28291;1046733
13/09/2022;95159646;27824;1047221
14/09/2022;95275075;27443;1048141
15/09/2022;95369503;26772;1048765
16/09/2022;95428258;26096;1049213
17/09/2022;95434981;25096;1049235
18/09/2022;95440240;25162;1049243
19/09/2022;95507606;25866;1049750
20/09/2022;95559194;25537;1050158
21/09/2022;95666528;25155;1051083
22/09/2022;95760230;24945;1051601
23/09/2022;95804726;24489;1052056
24/09/2022;95812817;23353;1052093
25/09/2022;95819136;23322;1052099
26/09/2022;95877656;23851;1052503
27/09/2022;95919539;23655;1052948
28/09/2022;96019867;23556;1054260
29/09/2022;96104859;23287;1054893
30/09/2022;96144226;22716;1055290
01/10/2022;96150643;21783;1055316
02/10/2022;96156591;21933;1055316
03/10/2022;96204427;22669;1055596
04/10/2022;96240281;22723;1056073
05/10/2022;96320795;22581;1057185
06/10/2022;96394630;22263;1057889
07/10/2022;96429284;21779;1058206
08/10/2022;96422344;21219;1058156
09/10/2022;96428398;21340;1058159
10/10/2022;96452692;21808;1058322
11/10/2022;96493867;21990;1058919
12/10/2022;96567547;21789;1059706
13/10/2022;96643191;21762;1060345
14/10/2022;96672841;21544;1060730
15/10/2022;96675617;20862;1060748
16/10/2022;96682663;21076;1060760
17/10/2022;96729811;21801;1061118
18/10/2022;96757935;21768;1061498
19/10/2022;96826394;21809;1062203
20/10/2022;96887495;21636;1062741
21/10/2022;96921457;21459;1063369
22/10/2022;96924033;21021;1063379
23/10/2022;96931008;21143;1063380
24/10/2022;96970800;21846;1063613
25/10/2022;96996456;22213;1063993
26/10/2022;97077271;22478;1065118
27/10/2022;97146134;22292;1065706
28/10/2022;97179235;21933;1065942
29/10/2022;97182927;21161;1065964
30/10/2022;97186606;21280;1065966
31/10/2022;97233018;21804;1066150
01/11/2022;97262328;22015;1066491
02/11/2022;97338475;22332;1067366
03/11/2022;97416551;22317;1067922
04/11/2022;97465910;22098;1068411
05/11/2022;97469639;21663;1068432
06/11/2022;97476278;21968;1068437
07/11/2022;97515570;22699;1068574
08/11/2022;97536711;22862;1068787
09/11/2022;97630397;22449;1069707
10/11/2022;97718317;22186;1070288
11/11/2022;97729641;21944;1083006
12/11/2022;97732216;21578;1083008
13/11/2022;97734170;21968;1083009
14/11/2022;97785091;22555;1083181
15/11/2022;97818155;22327;1083484
16/11/2022;97896481;22462;1083989
17/11/2022;97979502;22264;1084415
18/11/2022;98030190;22266;1084931
19/11/2022;98033687;21834;1084942
20/11/2022;98036926;22134;1084942
21/11/2022;98080590;23140;1085106
22/11/2022;98117917;23595;1085553
23/11/2022;98228602;23629;1086524
24/11/2022;98264632;23387;1086674
25/11/2022;98290350;24368;1086893
26/11/2022;98291540;25121;1086894
27/11/2022;98298369;26399;1086908
28/11/2022;98356317;28052;1087098
29/11/2022;98404190;29235;1087415
30/11/2022;98516131;30009;1087873
01/12/2022;98613271;30240;1088564
02/12/2022;98686737;30154;1088978
03/12/2022;98691598;29687;1088997
04/12/2022;98696204;30202;1088997
05/12/2022;98750243;31445;1089181
06/12/2022;98798681;32046;1089662
07/12/2022;98949011;32325;1090599
08/12/2022;99089404;32534;1092099
09/12/2022;99122963;32353;1092393
10/12/2022;99128018;31649;1092410
11/12/2022;99133303;32163;1092410
12/12/2022;99187602;33527;1092595
13/12/2022;99245874;33805;1093064
14/12/2022;99400962;33491;1093869
15/12/2022;99527716;34359;1094509
16/12/2022;99601910;34149;1095062
17/12/2022;99606838;33764;1095074
18/12/2022;99612758;34378;1095074
19/12/2022;99669991;35035;1095297
20/12/2022;99726822;35670;1095749
21/12/2022;99907293;35716;1096760
22/12/2022;100055824;35197;1097361
23/12/2022;100087194;34810;1097537
24/12/2022;100092117;33898;1097539
25/12/2022;100095566;33974;1097539
26/12/2022;100104798;35701;1097550
27/12/2022;100190406;37487;1097812
28/12/2022;100313378;38828;1098651
29/12/2022;100423471;39661;1099302
30/12/2022;100456662;39793;1099824
31/12/2022;100462184;39594;1099837
01/01/2023;100447989;40482;1099837
02/01/2023;100458882;41874;1099837
03/01/2023;100535564;43184;1100152
04/01/2023;100743731;43676;1102278
05/01/2023;100859561;42824;1102956
06/01/2023;100969155;41863;1103517
07/01/2023;100972762;40082;1103530
08/01/2023;100978862;40334;1103533
09/01/2023;101023334;40620;1103732
10/01/2023;101067331;39660;1104459
11/01/2023;101225546;38468;1105982
12/01/2023;101322776;37289;1106738
13/01/2023;101353503;35891;1107013
14/01/2023;101357407;34620;1107039
15/01/2023;101361142;34253;1107040
16/01/2023;101369550;34397;1107051
17/01/2023;101428192;33923;1107788
18/01/2023;101573353;33217;1109270
19/01/2023;101641282;32064;1110084
20/01/2023;101724115;31039;1111004
21/01/2023;101726588;29579;1111011
22/01/2023;101731541;29548;1111020
23/01/2023;101763953;29764;1111290
24/01/2023;101795726;29253;1111991
25/01/2023;101909009;28893;1113234
26/01/2023;101987861;27925;1114038
27/01/2023;102002032;27030;1114217
28/01/2023;102004232;26065;1114224
29/01/2023;102008656;26244;1114228
30/01/2023;102039105;26733;1114413
31/01/2023;102070172;26364;1115001
01/02/2023;102179838;25875;1115974
02/02/2023;102247441;25361;1116666
03/02/2023;102311816;24662;1117828
04/02/2023;102314712;23868;1117837
05/02/2023;102317430;24044;1117837
06/02/2023;102342210;24815;1118038
07/02/2023;102374102;24542;1118715
08/02/2023;102486294;24434;1119717
09/02/2023;102555293;24001;1120505
10/02/2023;102569435;23707;1120667
11/02/2023;102571337;23042;1120678
12/02/2023;102574464;23151;1120691
13/02/2023;102598932;23789;1120904
14/02/2023;102626458;23844;1121294
15/02/2023;102729372;24017;1122197
16/02/2023;102799884;23664;1122844
17/02/2023;102845975;23255;1123572
18/02/2023;102850046;22407;1123580
19/02/2023;102852853;22647;1123588
20/02/2023;102861300;22962;1123643
21/02/2023;102890417;23092;1123951
22/02/2023;103017916;22783;1124805
23/02/2023;103082394;22452;1125325
24/02/2023;103093565;22047;1125407
25/02/2023;103095092;21332;1125420
26/02/2023;103097410;21343;1125421
27/02/2023;103115557;21876;1125449
28/02/2023;103143908;21735;1127272
01/03/2023;103233169;21375;1128090
02/03/2023;103295280;20824;1128722
03/03/2023;103364789;20429;1129424
04/03/2023;103366460;19756;1129434
05/03/2023;103368027;19858;1129434
06/03/2023;103382801;20208;1129530
07/03/2023;103406609;19952;1129852
08/03/2023;103469981;19340;1130471
09/03/2023;103525528;18708;1131912
10/03/2023;103535689;18189;1131963
11/03/2023;103537178;17567;1131969
12/03/2023;103538183;17708;1131968
13/03/2023;103551298;18032;1132071
14/03/2023;103571472;17624;1132310
15/03/2023;103709101;17354;1133022
16/03/2023;103763561;16908;1133461
17/03/2023;103782317;16456;1133824
18/03/2023;103783492;16068;1133826
19/03/2023;103784916;16171;1133826
20/03/2023;103794703;16572;1133964
21/03/2023;103813076;16318;1134177
22/03/2023;103864888;15965;1134913
23/03/2023;103910034;15695;1135343
24/03/2023;0;15605;0
25/03/2023;0;15091;0
26/03/2023;0;15131;0
27/03/2023;0;15506;0
28/03/2023;0;15416;0
29/03/2023;0;15077;0
30/03/2023;0;14750;0
31/03/2023;0;14284;0
01/04/2023;0;13654;0
02/04/2023;0;13767;0
03/04/2023;0;14117;0
04/04/2023;0;13963;0
05/04/2023;0;13631;0
06/04/2023;0;13391;0
07/04/2023;0;12944;0
08/04/2023;0;12196;0
09/04/2023;0;12202;0
10/04/2023;0;12553;0
11/04/2023;0;12462;0
12/04/2023;0;12310;0
13/04/2023;0;12148;0
14/04/2023;0;11873;0
15/04/2023;0;11725;0
16/04/2023;0;11744;0
17/04/2023;0;11901;0
18/04/2023;0;11623;0
19/04/2023;0;11341;0
20/04/2023;0;10997;0
21/04/2023;0;10736;0
22/04/2023;0;10267;0
23/04/2023;0;10332;0
24/04/2023;0;10470;0
25/04/2023;0;10226;0
26/04/2023;0;9917;0
27/04/2023;0;9653;0
28/04/2023;0;9490;0
29/04/2023;0;9162;0
30/04/2023;0;9340;0
01/05/2023;0;9462;0
02/05/2023;0;9357;0
03/05/2023;0;9087;0
04/05/2023;0;8937;0
05/05/2023;0;8649;0
06/05/2023;0;8311;0
07/05/2023;0;8426;0
08/05/2023;0;8715;0
09/05/2023;0;8720;0
10/05/2023;0;8574;0
11/05/2023;0;8405;0
12/05/2023;0;8166;0
13/05/2023;0;7807;0
14/05/2023;0;7760;0
15/05/2023;0;7979;0
16/05/2023;0;7949;0
17/05/2023;0;7783;0
18/05/2023;0;7574;0
19/05/2023;0;7613;0
20/05/2023;0;7323;0
21/05/2023;0;7383;0
22/05/2023;0;7696;0
23/05/2023;0;7453;0
24/05/2023;0;7342;0
25/05/2023;0;7165;0
26/05/2023;0;6967;0
27/05/2023;0;6807;0
28/05/2023;0;6721;0
29/05/2023;0;6908;0
30/05/2023;0;7187;0
31/05/2023;0;7181;0
01/06/2023;0;7042;0
02/06/2023;0;6946;0
03/06/2023;0;6587;0
04/06/2023;0;6666;0
05/06/2023;0;6867;0
06/06/2023;0;6780;0
07/06/2023;0;6596;0
08/06/2023;0;6454;0
09/06/2023;0;6213;0
10/06/2023;0;6115;0
11/06/2023;0;6199;0
12/06/2023;0;6276;0
13/06/2023;0;6182;0
14/06/2023;0;6190;0
15/06/2023;0;6128;0
16/06/2023;0;6025;0
17/06/2023;0;5794;0
18/06/2023;0;5872;0
19/06/2023;0;5914;0
20/06/2023;0;5804;0
21/06/2023;0;5695;0
22/06/2023;0;5489;0
23/06/2023;0;5370;0
24/06/2023;0;5312;0
25/06/2023;0;5284;0
26/06/2023;0;5532;0
27/06/2023;0;5610;0
28/06/2023;0;5664;0
29/06/2023;0;5629;0
30/06/2023;0;5543;0
01/07/2023;0;5334;0
02/07/2023;0;5313;0
03/07/2023;0;5503;0
04/07/2023;0;5520;0
05/07/2023;0;5626;0
06/07/2023;0;5601;0
07/07/2023;0;5566;0
08/07/2023;0;5496;0
09/07/2023;0;5634;0
10/07/2023;0;5826;0
11/07/2023;0;5948;0
12/07/2023;0;5961;0
13/07/2023;0;5836;0
14/07/2023;0;5791;0
15/07/2023;0;5753;0
16/07/2023;0;5964;0
17/07/2023;0;6213;0
18/07/2023;0;6277;0
19/07/2023;0;6324;0
20/07/2023;0;6271;0
21/07/2023;0;6379;0
22/07/2023;0;6424;0
23/07/2023;0;6485;0
24/07/2023;0;6842;0
25/07/2023;0;7056;0
26/07/2023;0;7058;0
27/07/2023;0;7238;0
28/07/2023;0;7384;0
29/07/2023;0;7433;0
30/07/2023;0;7746;0
31/07/2023;0;7896;0
01/08/2023;0;8330;0
02/08/2023;0;8495;0
03/08/2023;0;8521;0
04/08/2023;0;8667;0
05/08/2023;0;8609;0
06/08/2023;0;9018;0
07/08/2023;0;9442;0
08/08/2023;0;9668;0
09/08/2023;0;9980;0
10/08/2023;0;10127;0
11/08/2023;0;10272;0
12/08/2023;0;9894;0
13/08/2023;0;10392;0
14/08/2023;0;11255;0
15/08/2023;0;11546;0
16/08/2023;0;11635;0
17/08/2023;0;11672;0
18/08/2023;0;11764;0
19/08/2023;0;11740;0
20/08/2023;0;12239;0
21/08/2023;0;12747;0
22/08/2023;0;13105;0
23/08/2023;0;13384;0
24/08/2023;0;13698;0
25/08/2023;0;13893;0
26/08/2023;0;13715;0
27/08/2023;0;14209;0
28/08/2023;0;15203;0
29/08/2023;0;15321;0
30/08/2023;0;15414;0
31/08/2023;0;15324;0
01/09/2023;0;15286;0
02/09/2023;0;14899;0
03/09/2023;0;15219;0
04/09/2023;0;16179;0
05/09/2023;0;16933;0
06/09/2023;0;17229;0
07/09/2023;0;17131;0
08/09/2023;0;16980;0
09/09/2023;0;16312;0
10/09/2023;0;16657;0
11/09/2023;0;17315;0
12/09/2023;0;17308;0
13/09/2023;0;17039;0
14/09/2023;0;16779;0
15/09/2023;0;16499;0
16/09/2023;0;15784;0
17/09/2023;0;15969;0
18/09/2023;0;16626;0
19/09/2023;0;17006;0
20/09/2023;0;16901;0
21/09/2023;0;16670;0
22/09/2023;0;16638;0
23/09/2023;0;16234;0
24/09/2023;0;16513;0
25/09/2023;0;16573;0
26/09/2023;0;16424;0
27/09/2023;0;16804;0
28/09/2023;0;16357;0
29/09/2023;0;16030;0
30/09/2023;0;15483;0
01/10/2023;0;15664;0
02/10/2023;0;15736;0
03/10/2023;0;15570;0
04/10/2023;0;15285;0
05/10/2023;0;15011;0
06/10/2023;0;14775;0
07/10/2023;0;14013;0
08/10/2023;0;14287;0
09/10/2023;0;14628;0
10/10/2023;0;14376;0
11/10/2023;0;14225;0
12/10/2023;0;14013;0
13/10/2023;0;13740;0
14/10/2023;0;13160;0
15/10/2023;0;13582;0
16/10/2023;0;13962;0
17/10/2023;0;13851;0
18/10/2023;0;13761;0
19/10/2023;0;13681;0
20/10/2023;0;13431;0
21/10/2023;0;13132;0
22/10/2023;0;13471;0
23/10/2023;0;13962;0
24/10/2023;0;13823;0
25/10/2023;0;13594;0
26/10/2023;0;13252;0
27/10/2023;0;13132;0
28/10/2023;0;12747;0
29/10/2023;0;13004;0
30/10/2023;0;13550;0
31/10/2023;0;13337;0
01/11/2023;0;12804;0
02/11/2023;0;12647;0
03/11/2023;0;12578;0
04/11/2023;0;12268;0
05/11/2023;0;12799;0
06/11/2023;0;13566;0
07/11/2023;0;13736;0
08/11/2023;0;13849;0
09/11/2023;0;13816;0
10/11/2023;0;13685;0
11/11/2023;0;13387;0
12/11/2023;0;13775;0
13/11/2023;0;14358;0
14/11/2023;0;14288;0
15/11/2023;0;14418;0
16/11/2023;0;14534;0
17/11/2023;0;14595;0
18/11/2023;0;14706;0
19/11/2023;0;15239;0
20/11/2023;0;15955;0
21/11/2023;0;16059;0
22/11/2023;0;15922;0
23/11/2023;0;15335;0
24/11/2023;0;15747;0
25/11/2023;0;16200;0
26/11/2023;0;16867;0
27/11/2023;0;17936;0
28/11/2023;0;18338;0
29/11/2023;0;18356;0
30/11/2023;0;18452;0
01/12/2023;0;18109;0
02/12/2023;0;18088;0
03/12/2023;0;18569;0
04/12/2023;0;19471;0
05/12/2023;0;19671;0
06/12/2023;0;19532;0
07/12/2023;0;19435;0
08/12/2023;0;19276;0
09/12/2023;0;18995;0
10/12/2023;0;19830;0
11/12/2023;0;20712;0
12/12/2023;0;20720;0
13/12/2023;0;20734;0
14/12/2023;0;20822;0
15/12/2023;0;20659;0
16/12/2023;0;20408;0
17/12/2023;0;21134;0
18/12/2023;0;22569;0
19/12/2023;0;23103;0
20/12/2023;0;23406;0
21/12/2023;0;23620;0
22/12/2023;0;23523;0
23/12/2023;0;22831;0
24/12/2023;0;23390;0
25/12/2023;0;24334;0
26/12/2023;0;25977;0
27/12/2023;0;27040;0
28/12/2023;0;28106;0
29/12/2023;0;28844;0
30/12/2023;0;28908;0
31/12/2023;0;29498;0
01/01/2024;0;30321;0
02/01/2024;0;31406;0
03/01/2024;0;31526;0
04/01/2024;0;30969;0
05/01/2024;0;30372;0
06/01/2024;0;29435;0
07/01/2024;0;29807;0
08/01/2024;0;30549;0
09/01/2024;0;29743;0
10/01/2024;0;29216;0
11/01/2024;0;28494;0
12/01/2024;0;27779;0
13/01/2024;0;26691;0
14/01/2024;0;26978;0
15/01/2024;0;27341;0
16/01/2024;0;27002;0
17/01/2024;0;26325;0
18/01/2024;0;25381;0
19/01/2024;0;24400;0
20/01/2024;0;23404;0
21/01/2024;0;23294;0
22/01/2024;0;23766;0
23/01/2024;0;23378;0
24/01/2024;0;22849;0
25/01/2024;0;22304;0
26/01/2024;0;21602;0
27/01/2024;0;20827;0
28/01/2024;0;21057;0
29/01/2024;0;21273;0
30/01/2024;0;20801;0
31/01/2024;0;20406;0
01/02/2024;0;19959;0
02/02/2024;0;19376;0
03/02/2024;0;18783;0
04/02/2024;0;18934;0
05/02/2024;0;19454;0
06/02/2024;0;19204;0
07/02/2024;0;18511;0
08/02/2024;0;18011;0
09/02/2024;0;17662;0
10/02/2024;0;17119;0
11/02/2024;0;17290;0
12/02/2024;0;17933;0
13/02/2024;0;17799;0
14/02/2024;0;17592;0
15/02/2024;0;17029;0
16/02/2024;0;16624;0
17/02/2024;0;16124;0
18/02/2024;0;16367;0
19/02/2024;0;16696;0
20/02/2024;0;16742;0
21/02/2024;0;16533;0
22/02/2024;0;16033;0
23/02/2024;0;15603;0
24/02/2024;0;15021;0
25/02/2024;0;15240;0
26/02/2024;0;15547;0
27/02/2024;0;15184;0
28/02/2024;0;14841;0
29/02/2024;0;14487;0
01/03/2024;0;13907;0
02/03/2024;0;13256;0
03/03/2024;0;13387;0
04/03/2024;0;13711;0
05/03/2024;0;13280;0
06/03/2024;0;12883;0
07/03/2024;0;12441;0
08/03/2024;0;11990;0
09/03/2024;0;11355;0
10/03/2024;0;11420;0
11/03/2024;0;11430;0
12/03/2024;0;10976;0
13/03/2024;0;10801;0
14/03/2024;0;10394;0
15/03/2024;0;10013;0
16/03/2024;0;9583;0
17/03/2024;0;9558;0
18/03/2024;0;9532;0
19/03/2024;0;9288;0
20/03/2024;0;8955;0
21/03/2024;0;8672;0
22/03/2024;0;8387;0
23/03/2024;0;8034;0
24/03/2024;0;8030;0
25/03/2024;0;8116;0
26/03/2024;0;7956;0
27/03/2024;0;7722;0
28/03/2024;0;7557;0
29/03/2024;0;7223;0
30/03/2024;0;7039;0
31/03/2024;0;7084;0
01/04/2024;0;7111;0
02/04/2024;0;7098;0
03/04/2024;0;6932;0
04/04/2024;0;6656;0
05/04/2024;0;6548;0
06/04/2024;0;6345;0
07/04/2024;0;6398;0
08/04/2024;0;6492;0
09/04/2024;0;6347;0
10/04/2024;0;6232;0
11/04/2024;0;6162;0
12/04/2024;0;6010;0
13/04/2024;0;5692;0
14/04/2024;0;5621;0
15/04/2024;0;5722;0
16/04/2024;0;5663;0
17/04/2024;0;5480;0
18/04/2024;0;5253;0
19/04/2024;0;5138;0
20/04/2024;0;4979;0
21/04/2024;0;4925;0
22/04/2024;0;5065;0
23/04/2024;0;4881;0
24/04/2024;0;4836;0
25/04/2024;0;4636;0